snapshot_time,streamer,game,viewers,started_at
2026-05-11T14:58:35.015881,StRoGo,Counter-Strike,43481,2026-05-11T07:13:59Z
2026-05-11T14:58:35.015881,PGL,Counter-Strike,27262,2026-05-11T04:13:15Z
2026-05-11T14:58:35.015881,aospat,Just Chatting,25218,2026-05-11T12:47:38Z
2026-05-11T14:58:35.015881,dangerlyoha,IRL,20160,2026-05-11T12:02:48Z
2026-05-11T14:58:35.015881,gon_vl,Splatoon 3,16563,2026-05-11T07:21:43Z
2026-05-11T14:58:35.015881,fps_shaka,League of Legends,15299,2026-05-11T11:04:07Z
2026-05-11T14:58:35.015881,cs2_paragon_ru,Counter-Strike,14803,2026-05-11T04:25:51Z
2026-05-11T14:58:35.015881,bySL4M,Counter-Strike,13532,2026-05-11T04:30:13Z
2026-05-11T14:58:35.015881,steel,IRL,10850,2026-05-11T12:14:52Z
2026-05-11T14:58:35.015881,ゆゆうた押忍,Just Chatting,9702,2026-05-11T09:00:34Z
2026-05-11T14:58:35.015881,たいじ_たいちゃんねる,EA Sports UFC 5,9301,2026-05-11T07:19:01Z
2026-05-11T14:58:35.015881,超負荷,Just Chatting,9219,2026-05-11T09:22:25Z
2026-05-11T14:58:35.015881,k4sen,League of Legends,8580,2026-05-11T10:20:40Z
2026-05-11T14:58:35.015881,Clemovitch,Just Chatting,8496,2026-05-11T10:37:54Z
2026-05-11T14:58:35.015881,tonveraendert,Just Chatting,7875,2026-05-11T11:34:00Z
2026-05-11T14:58:35.015881,cybersteffie,Software and Game Development,7798,2026-05-11T03:01:13Z
2026-05-11T14:58:35.015881,Recrent,PUBG: BATTLEGROUNDS,7224,2026-05-11T11:10:02Z
2026-05-11T14:58:35.015881,CohhCarnage,Death Stranding 2: On the Beach,6779,2026-05-11T11:40:44Z
2026-05-11T14:58:35.015881,Dmitry_Lixxx,Counter-Strike,6529,2026-05-11T04:48:10Z
2026-05-11T14:58:35.015881,珮蕾,Just Chatting,6092,2026-05-11T11:07:31Z
2026-05-11T15:00:39.550152,StRoGo,Counter-Strike,43481,2026-05-11T07:13:59Z
2026-05-11T15:00:39.550152,PGL,Counter-Strike,27262,2026-05-11T04:13:15Z
2026-05-11T15:00:39.550152,aospat,Just Chatting,25218,2026-05-11T12:47:38Z
2026-05-11T15:00:39.550152,dangerlyoha,IRL,19705,2026-05-11T12:02:48Z
2026-05-11T15:00:39.550152,gon_vl,Splatoon 3,16563,2026-05-11T07:21:43Z
2026-05-11T15:00:39.550152,fps_shaka,League of Legends,15096,2026-05-11T11:04:07Z
2026-05-11T15:00:39.550152,cs2_paragon_ru,Counter-Strike,12525,2026-05-11T04:25:51Z
2026-05-11T15:00:39.550152,bySL4M,Counter-Strike,12348,2026-05-11T04:30:13Z
2026-05-11T15:00:39.550152,steel,IRL,11074,2026-05-11T12:14:52Z
2026-05-11T15:00:39.550152,ゆゆうた押忍,Just Chatting,9702,2026-05-11T09:00:34Z
2026-05-11T15:00:39.550152,超負荷,Just Chatting,9219,2026-05-11T09:22:25Z
2026-05-11T15:00:39.550152,たいじ_たいちゃんねる,EA Sports UFC 5,9196,2026-05-11T07:19:01Z
2026-05-11T15:00:39.550152,k4sen,League of Legends,8580,2026-05-11T10:20:40Z
2026-05-11T15:00:39.550152,Clemovitch,Just Chatting,8496,2026-05-11T10:37:54Z
2026-05-11T15:00:39.550152,tonveraendert,Just Chatting,7875,2026-05-11T11:34:00Z
2026-05-11T15:00:39.550152,cybersteffie,Software and Game Development,7798,2026-05-11T03:01:13Z
2026-05-11T15:00:39.550152,Recrent,PUBG: BATTLEGROUNDS,7224,2026-05-11T11:10:02Z
2026-05-11T15:00:39.550152,CohhCarnage,Death Stranding 2: On the Beach,6924,2026-05-11T11:40:44Z
2026-05-11T15:00:39.550152,珮蕾,Just Chatting,6092,2026-05-11T11:07:31Z
2026-05-11T15:00:39.550152,lol_nemesis,League of Legends,6065,2026-05-11T09:59:27Z
2026-05-11T15:01:35.020352,StRoGo,Counter-Strike,42140,2026-05-11T07:13:59Z
2026-05-11T15:01:35.020352,PGL,Counter-Strike,26113,2026-05-11T04:13:15Z
2026-05-11T15:01:35.020352,aospat,Just Chatting,25218,2026-05-11T12:47:38Z
2026-05-11T15:01:35.020352,dangerlyoha,IRL,19705,2026-05-11T12:02:48Z
2026-05-11T15:01:35.020352,gon_vl,Splatoon 3,16563,2026-05-11T07:21:43Z
2026-05-11T15:01:35.020352,fps_shaka,League of Legends,15096,2026-05-11T11:04:07Z
2026-05-11T15:01:35.020352,cs2_paragon_ru,Counter-Strike,12525,2026-05-11T04:25:51Z
2026-05-11T15:01:35.020352,bySL4M,Counter-Strike,12348,2026-05-11T04:30:13Z
2026-05-11T15:01:35.020352,steel,IRL,11074,2026-05-11T12:14:52Z
2026-05-11T15:01:35.020352,ゆゆうた押忍,Just Chatting,9702,2026-05-11T09:00:34Z
2026-05-11T15:01:35.020352,超負荷,Just Chatting,9219,2026-05-11T09:22:25Z
2026-05-11T15:01:35.020352,たいじ_たいちゃんねる,EA Sports UFC 5,9196,2026-05-11T07:19:01Z
2026-05-11T15:01:35.020352,Clemovitch,Just Chatting,8634,2026-05-11T10:37:54Z
2026-05-11T15:01:35.020352,k4sen,League of Legends,8580,2026-05-11T10:20:40Z
2026-05-11T15:01:35.020352,tonveraendert,Just Chatting,8253,2026-05-11T11:34:00Z
2026-05-11T15:01:35.020352,cybersteffie,Software and Game Development,7798,2026-05-11T03:01:13Z
2026-05-11T15:01:35.020352,Recrent,PUBG: BATTLEGROUNDS,7454,2026-05-11T11:10:02Z
2026-05-11T15:01:35.020352,CohhCarnage,Death Stranding 2: On the Beach,6924,2026-05-11T11:40:44Z
2026-05-11T15:01:35.020352,珮蕾,Just Chatting,6092,2026-05-11T11:07:31Z
2026-05-11T15:01:35.020352,lol_nemesis,League of Legends,5974,2026-05-11T09:59:27Z
2026-05-11T15:06:35.483889,StRoGo,Counter-Strike,42720,2026-05-11T07:13:59Z
2026-05-11T15:06:35.483889,aospat,Just Chatting,28964,2026-05-11T12:47:38Z
2026-05-11T15:06:35.483889,PGL,Counter-Strike,26113,2026-05-11T04:13:15Z
2026-05-11T15:06:35.483889,dangerlyoha,IRL,19451,2026-05-11T12:02:48Z
2026-05-11T15:06:35.483889,gon_vl,Splatoon 3,15943,2026-05-11T07:21:43Z
2026-05-11T15:06:35.483889,buster,Counter-Strike,15828,2026-05-11T12:53:08Z
2026-05-11T15:06:35.483889,fps_shaka,League of Legends,14794,2026-05-11T11:04:07Z
2026-05-11T15:06:35.483889,bySL4M,Counter-Strike,12530,2026-05-11T04:30:13Z
2026-05-11T15:06:35.483889,cs2_paragon_ru,Counter-Strike,11824,2026-05-11T04:25:51Z
2026-05-11T15:06:35.483889,steel,IRL,11195,2026-05-11T12:14:52Z
2026-05-11T15:06:35.483889,ゆゆうた押忍,Just Chatting,9574,2026-05-11T09:00:34Z
2026-05-11T15:06:35.483889,たいじ_たいちゃんねる,EA Sports UFC 5,9391,2026-05-11T07:19:01Z
2026-05-11T15:06:35.483889,超負荷,Just Chatting,9107,2026-05-11T09:22:25Z
2026-05-11T15:06:35.483889,tonveraendert,Just Chatting,8662,2026-05-11T11:34:00Z
2026-05-11T15:06:35.483889,Clemovitch,Just Chatting,8634,2026-05-11T10:37:54Z
2026-05-11T15:06:35.483889,k4sen,League of Legends,8434,2026-05-11T10:20:40Z
2026-05-11T15:06:35.483889,cybersteffie,Software and Game Development,8270,2026-05-11T03:01:13Z
2026-05-11T15:06:35.483889,Recrent,PUBG: BATTLEGROUNDS,7709,2026-05-11T11:10:02Z
2026-05-11T15:06:35.483889,CohhCarnage,Death Stranding 2: On the Beach,7222,2026-05-11T11:40:44Z
2026-05-11T15:06:35.483889,珮蕾,Just Chatting,6178,2026-05-11T11:07:31Z
2026-05-11T15:11:35.954411,StRoGo,Counter-Strike,45510,2026-05-11T07:13:59Z
2026-05-11T15:11:35.954411,PGL,Counter-Strike,26808,2026-05-11T04:13:15Z
2026-05-11T15:11:35.954411,aospat,Just Chatting,26353,2026-05-11T12:47:38Z
2026-05-11T15:11:35.954411,加藤純一うん〇ちゃん,Tomodachi Life: Living the Dream,23957,2026-05-11T13:02:32Z
2026-05-11T15:11:35.954411,dangerlyoha,IRL,19175,2026-05-11T12:02:48Z
2026-05-11T15:11:35.954411,buster,Counter-Strike,18920,2026-05-11T12:53:08Z
2026-05-11T15:11:35.954411,fps_shaka,League of Legends,14734,2026-05-11T11:04:07Z
2026-05-11T15:11:35.954411,bySL4M,Counter-Strike,13631,2026-05-11T04:30:13Z
2026-05-11T15:11:35.954411,cs2_paragon_ru,Counter-Strike,13410,2026-05-11T04:25:51Z
2026-05-11T15:11:35.954411,steel,IRL,10966,2026-05-11T12:14:52Z
2026-05-11T15:11:35.954411,超負荷,Just Chatting,9107,2026-05-11T09:22:25Z
2026-05-11T15:11:35.954411,tonveraendert,Just Chatting,9059,2026-05-11T11:34:00Z
2026-05-11T15:11:35.954411,たいじ_たいちゃんねる,EA Sports UFC 5,8674,2026-05-11T07:19:01Z
2026-05-11T15:11:35.954411,k4sen,League of Legends,8577,2026-05-11T10:20:40Z
2026-05-11T15:11:35.954411,Clemovitch,Just Chatting,8533,2026-05-11T10:37:54Z
2026-05-11T15:11:35.954411,cybersteffie,Software and Game Development,8159,2026-05-11T03:01:13Z
2026-05-11T15:11:35.954411,ゆゆうた押忍,Just Chatting,8158,2026-05-11T09:00:34Z
2026-05-11T15:11:35.954411,Recrent,PUBG: BATTLEGROUNDS,7948,2026-05-11T11:10:02Z
2026-05-11T15:11:35.954411,CohhCarnage,Death Stranding 2: On the Beach,7340,2026-05-11T11:40:44Z
2026-05-11T15:11:35.954411,ohnePixel,Counter-Strike,6502,2026-05-11T13:04:04Z
2026-05-11T15:16:36.386247,StRoGo,Counter-Strike,51065,2026-05-11T07:13:59Z
2026-05-11T15:16:36.386247,加藤純一うん〇ちゃん,Tomodachi Life: Living the Dream,33946,2026-05-11T13:02:32Z
2026-05-11T15:16:36.386247,PGL,Counter-Strike,28553,2026-05-11T04:13:15Z
2026-05-11T15:16:36.386247,aospat,Just Chatting,24193,2026-05-11T12:47:38Z
2026-05-11T15:16:36.386247,buster,Counter-Strike,20634,2026-05-11T12:53:08Z
2026-05-11T15:16:36.386247,bySL4M,Counter-Strike,18943,2026-05-11T04:30:13Z
2026-05-11T15:16:36.386247,dangerlyoha,IRL,18814,2026-05-11T12:02:48Z
2026-05-11T15:16:36.386247,cs2_paragon_ru,Counter-Strike,18691,2026-05-11T04:25:51Z
2026-05-11T15:16:36.386247,fps_shaka,League of Legends,14929,2026-05-11T11:04:07Z
2026-05-11T15:16:36.386247,ohnePixel,Counter-Strike,12068,2026-05-11T13:04:04Z
2026-05-11T15:16:36.386247,steel,IRL,11098,2026-05-11T12:14:52Z
2026-05-11T15:16:36.386247,超負荷,Just Chatting,9417,2026-05-11T09:22:25Z
2026-05-11T15:16:36.386247,tonveraendert,Just Chatting,9302,2026-05-11T11:34:00Z
2026-05-11T15:16:36.386247,Clemovitch,Just Chatting,8533,2026-05-11T10:37:54Z
2026-05-11T15:16:36.386247,たいじ_たいちゃんねる,EA Sports UFC 5,8456,2026-05-11T07:19:01Z
2026-05-11T15:16:36.386247,k4sen,League of Legends,8439,2026-05-11T10:20:40Z
2026-05-11T15:16:36.386247,cybersteffie,Software and Game Development,8396,2026-05-11T03:01:13Z
2026-05-11T15:16:36.386247,ゆゆうた押忍,Just Chatting,7788,2026-05-11T09:00:34Z
2026-05-11T15:16:36.386247,CohhCarnage,Death Stranding 2: On the Beach,7473,2026-05-11T11:40:44Z
2026-05-11T15:16:36.386247,Recrent,PUBG: BATTLEGROUNDS,6933,2026-05-11T11:10:02Z
2026-05-11T15:21:36.861852,StRoGo,Counter-Strike,54856,2026-05-11T07:13:59Z
2026-05-11T15:21:36.861852,加藤純一うん〇ちゃん,Tomodachi Life: Living the Dream,36508,2026-05-11T13:02:32Z
2026-05-11T15:21:36.861852,PGL,Counter-Strike,32970,2026-05-11T04:13:15Z
2026-05-11T15:21:36.861852,aospat,Just Chatting,28474,2026-05-11T12:47:38Z
2026-05-11T15:21:36.861852,buster,Counter-Strike,24931,2026-05-11T12:53:08Z
2026-05-11T15:21:36.861852,cs2_paragon_ru,Counter-Strike,22768,2026-05-11T04:25:51Z
2026-05-11T15:21:36.861852,bySL4M,Counter-Strike,21807,2026-05-11T04:30:13Z
2026-05-11T15:21:36.861852,dangerlyoha,IRL,18154,2026-05-11T12:02:48Z
2026-05-11T15:21:36.861852,ohnePixel,Counter-Strike,15254,2026-05-11T13:04:04Z
2026-05-11T15:21:36.861852,fps_shaka,League of Legends,14929,2026-05-11T11:04:07Z
2026-05-11T15:21:36.861852,steel,IRL,10801,2026-05-11T12:14:52Z
2026-05-11T15:21:36.861852,tonveraendert,Just Chatting,9302,2026-05-11T11:34:00Z
2026-05-11T15:21:36.861852,超負荷,Just Chatting,9231,2026-05-11T09:22:25Z
2026-05-11T15:21:36.861852,Clemovitch,Just Chatting,8533,2026-05-11T10:37:54Z
2026-05-11T15:21:36.861852,cybersteffie,Software and Game Development,8513,2026-05-11T03:01:13Z
2026-05-11T15:21:36.861852,k4sen,League of Legends,8363,2026-05-11T10:20:40Z
2026-05-11T15:21:36.861852,たいじ_たいちゃんねる,EA Sports UFC 5,8189,2026-05-11T07:19:01Z
2026-05-11T15:21:36.861852,ALOHADANCETV,Dota 2,7689,2026-05-11T10:59:23Z
2026-05-11T15:21:36.861852,ゆゆうた押忍,Just Chatting,7603,2026-05-11T09:00:34Z
2026-05-11T15:21:36.861852,CohhCarnage,Death Stranding 2: On the Beach,7594,2026-05-11T11:40:44Z
2026-05-11T15:26:37.272221,StRoGo,Counter-Strike,57753,2026-05-11T07:13:59Z
2026-05-11T15:26:37.272221,加藤純一うん〇ちゃん,Tomodachi Life: Living the Dream,37442,2026-05-11T13:02:32Z
2026-05-11T15:26:37.272221,PGL,Counter-Strike,33727,2026-05-11T04:13:15Z
2026-05-11T15:26:37.272221,aospat,Just Chatting,30612,2026-05-11T12:47:38Z
2026-05-11T15:26:37.272221,buster,Counter-Strike,27950,2026-05-11T12:53:08Z
2026-05-11T15:26:37.272221,cs2_paragon_ru,Counter-Strike,24175,2026-05-11T04:25:51Z
2026-05-11T15:26:37.272221,bySL4M,Counter-Strike,23220,2026-05-11T04:30:13Z
2026-05-11T15:26:37.272221,ohnePixel,Counter-Strike,17952,2026-05-11T13:04:04Z
2026-05-11T15:26:37.272221,dangerlyoha,IRL,17178,2026-05-11T12:02:48Z
2026-05-11T15:26:37.272221,fps_shaka,League of Legends,14933,2026-05-11T11:04:07Z
2026-05-11T15:26:37.272221,steel,IRL,10980,2026-05-11T12:14:52Z
2026-05-11T15:26:37.272221,超負荷,Just Chatting,9231,2026-05-11T09:22:25Z
2026-05-11T15:26:37.272221,tonveraendert,Just Chatting,9111,2026-05-11T11:34:00Z
2026-05-11T15:26:37.272221,Clemovitch,Just Chatting,8628,2026-05-11T10:37:54Z
2026-05-11T15:26:37.272221,cybersteffie,Software and Game Development,8425,2026-05-11T03:01:13Z
2026-05-11T15:26:37.272221,k4sen,League of Legends,8279,2026-05-11T10:20:40Z
2026-05-11T15:26:37.272221,ALOHADANCETV,Dota 2,8241,2026-05-11T10:59:23Z
2026-05-11T15:26:37.272221,たいじ_たいちゃんねる,EA Sports UFC 5,8069,2026-05-11T07:19:01Z
2026-05-11T15:26:37.272221,CohhCarnage,Death Stranding 2: On the Beach,7593,2026-05-11T11:40:44Z
2026-05-11T15:26:37.272221,ゆゆうた押忍,Just Chatting,7262,2026-05-11T09:00:34Z
2026-05-11T15:31:37.725576,StRoGo,Counter-Strike,58483,2026-05-11T07:13:59Z
2026-05-11T15:31:37.725576,加藤純一うん〇ちゃん,Tomodachi Life: Living the Dream,39017,2026-05-11T13:02:32Z
2026-05-11T15:31:37.725576,PGL,Counter-Strike,34344,2026-05-11T04:13:15Z
2026-05-11T15:31:37.725576,aospat,Just Chatting,29652,2026-05-11T12:47:38Z
2026-05-11T15:31:37.725576,buster,Counter-Strike,28942,2026-05-11T12:53:08Z
2026-05-11T15:31:37.725576,cs2_paragon_ru,Counter-Strike,24686,2026-05-11T04:25:51Z
2026-05-11T15:31:37.725576,bySL4M,Counter-Strike,24214,2026-05-11T04:30:13Z
2026-05-11T15:31:37.725576,ohnePixel,Counter-Strike,19584,2026-05-11T13:04:04Z
2026-05-11T15:31:37.725576,dangerlyoha,IRL,17389,2026-05-11T12:02:48Z
2026-05-11T15:31:37.725576,fps_shaka,League of Legends,15084,2026-05-11T11:04:07Z
2026-05-11T15:31:37.725576,steel,IRL,11255,2026-05-11T12:14:52Z
2026-05-11T15:31:37.725576,超負荷,Just Chatting,9349,2026-05-11T09:22:25Z
2026-05-11T15:31:37.725576,tonveraendert,Just Chatting,9202,2026-05-11T11:34:00Z
2026-05-11T15:31:37.725576,ALOHADANCETV,Dota 2,8691,2026-05-11T10:59:23Z
2026-05-11T15:31:37.725576,Clemovitch,Just Chatting,8628,2026-05-11T10:37:54Z
2026-05-11T15:31:37.725576,k4sen,League of Legends,8419,2026-05-11T10:20:40Z
2026-05-11T15:31:37.725576,cybersteffie,Software and Game Development,8006,2026-05-11T03:01:13Z
2026-05-11T15:31:37.725576,たいじ_たいちゃんねる,EA Sports UFC 5,7870,2026-05-11T07:19:01Z
2026-05-11T15:31:37.725576,CohhCarnage,Death Stranding 2: On the Beach,7593,2026-05-11T11:40:44Z
2026-05-11T15:31:37.725576,Recrent,PUBG: BATTLEGROUNDS,7240,2026-05-11T11:10:02Z
2026-05-11T15:36:38.179183,StRoGo,Counter-Strike,60550,2026-05-11T07:13:59Z
2026-05-11T15:36:38.179183,加藤純一うん〇ちゃん,Tomodachi Life: Living the Dream,39804,2026-05-11T13:02:32Z
2026-05-11T15:36:38.179183,PGL,Counter-Strike,35555,2026-05-11T04:13:15Z
2026-05-11T15:36:38.179183,buster,Counter-Strike,30816,2026-05-11T12:53:08Z
2026-05-11T15:36:38.179183,bySL4M,Counter-Strike,26229,2026-05-11T04:30:13Z
2026-05-11T15:36:38.179183,aospat,Just Chatting,25748,2026-05-11T12:47:38Z
2026-05-11T15:36:38.179183,cs2_paragon_ru,Counter-Strike,25736,2026-05-11T04:25:51Z
2026-05-11T15:36:38.179183,ohnePixel,Counter-Strike,21681,2026-05-11T13:04:04Z
2026-05-11T15:36:38.179183,dangerlyoha,IRL,16536,2026-05-11T12:02:48Z
2026-05-11T15:36:38.179183,fps_shaka,League of Legends,15309,2026-05-11T11:04:07Z
2026-05-11T15:36:38.179183,steel,IRL,11021,2026-05-11T12:14:52Z
2026-05-11T15:36:38.179183,超負荷,Just Chatting,9482,2026-05-11T09:22:25Z
2026-05-11T15:36:38.179183,k4sen,League of Legends,8935,2026-05-11T10:20:40Z
2026-05-11T15:36:38.179183,ALOHADANCETV,Dota 2,8841,2026-05-11T10:59:23Z
2026-05-11T15:36:38.179183,Clemovitch,Just Chatting,8628,2026-05-11T10:37:54Z
2026-05-11T15:36:38.179183,cybersteffie,Software and Game Development,8006,2026-05-11T03:01:13Z
2026-05-11T15:36:38.179183,たいじ_たいちゃんねる,EA Sports UFC 5,7752,2026-05-11T07:19:01Z
2026-05-11T15:36:38.179183,CohhCarnage,Death Stranding 2: On the Beach,7670,2026-05-11T11:40:44Z
2026-05-11T15:36:38.179183,Recrent,PUBG: BATTLEGROUNDS,7379,2026-05-11T11:10:02Z
2026-05-11T15:36:38.179183,ゆゆうた押忍,Just Chatting,7089,2026-05-11T09:00:34Z
2026-05-11T15:41:38.616975,StRoGo,Counter-Strike,61493,2026-05-11T07:13:59Z
2026-05-11T15:41:38.616975,加藤純一うん〇ちゃん,Tomodachi Life: Living the Dream,40748,2026-05-11T13:02:32Z
2026-05-11T15:41:38.616975,PGL,Counter-Strike,36764,2026-05-11T04:13:15Z
2026-05-11T15:41:38.616975,buster,Counter-Strike,33573,2026-05-11T12:53:08Z
2026-05-11T15:41:38.616975,bySL4M,Counter-Strike,26937,2026-05-11T04:30:13Z
2026-05-11T15:41:38.616975,cs2_paragon_ru,Counter-Strike,26308,2026-05-11T04:25:51Z
2026-05-11T15:41:38.616975,aospat,Just Chatting,25586,2026-05-11T12:47:38Z
2026-05-11T15:41:38.616975,ohnePixel,Counter-Strike,19864,2026-05-11T13:04:04Z
2026-05-11T15:41:38.616975,dangerlyoha,IRL,16297,2026-05-11T12:02:48Z
2026-05-11T15:41:38.616975,fps_shaka,League of Legends,16054,2026-05-11T11:04:07Z
2026-05-11T15:41:38.616975,steel,IRL,11218,2026-05-11T12:14:52Z
2026-05-11T15:41:38.616975,超負荷,Just Chatting,9482,2026-05-11T09:22:25Z
2026-05-11T15:41:38.616975,Clemovitch,Just Chatting,8529,2026-05-11T10:37:54Z
2026-05-11T15:41:38.616975,k4sen,League of Legends,8475,2026-05-11T10:20:40Z
2026-05-11T15:41:38.616975,cybersteffie,Software and Game Development,8103,2026-05-11T03:01:13Z
2026-05-11T15:41:38.616975,ALOHADANCETV,Dota 2,8052,2026-05-11T10:59:23Z
2026-05-11T15:41:38.616975,CohhCarnage,Death Stranding 2: On the Beach,7758,2026-05-11T11:40:44Z
2026-05-11T15:41:38.616975,Recrent,PUBG: BATTLEGROUNDS,7710,2026-05-11T11:10:02Z
2026-05-11T15:41:38.616975,たいじ_たいちゃんねる,EA Sports UFC 5,7633,2026-05-11T07:19:01Z
2026-05-11T15:41:38.616975,tonveraendert,Just Chatting,7488,2026-05-11T11:34:00Z
2026-05-11T15:46:39.031582,StRoGo,Counter-Strike,63199,2026-05-11T07:13:59Z
2026-05-11T15:46:39.031582,加藤純一うん〇ちゃん,Tomodachi Life: Living the Dream,41217,2026-05-11T13:02:32Z
2026-05-11T15:46:39.031582,buster,Counter-Strike,39029,2026-05-11T12:53:08Z
2026-05-11T15:46:39.031582,PGL,Counter-Strike,37867,2026-05-11T04:13:15Z
2026-05-11T15:46:39.031582,bySL4M,Counter-Strike,27642,2026-05-11T04:30:13Z
2026-05-11T15:46:39.031582,cs2_paragon_ru,Counter-Strike,26607,2026-05-11T04:25:51Z
2026-05-11T15:46:39.031582,ohnePixel,Counter-Strike,24261,2026-05-11T13:04:04Z
2026-05-11T15:46:39.031582,aospat,Just Chatting,16391,2026-05-11T12:47:38Z
2026-05-11T15:46:39.031582,dangerlyoha,IRL,16003,2026-05-11T12:02:48Z
2026-05-11T15:46:39.031582,fps_shaka,League of Legends,15389,2026-05-11T11:04:07Z
2026-05-11T15:46:39.031582,steel,IRL,10905,2026-05-11T12:14:52Z
2026-05-11T15:46:39.031582,超負荷,Just Chatting,9514,2026-05-11T09:22:25Z
2026-05-11T15:46:39.031582,ALOHADANCETV,Dota 2,9101,2026-05-11T10:59:23Z
2026-05-11T15:46:39.031582,k4sen,League of Legends,8583,2026-05-11T10:20:40Z
2026-05-11T15:46:39.031582,Clemovitch,Just Chatting,8529,2026-05-11T10:37:54Z
2026-05-11T15:46:39.031582,cybersteffie,Software and Game Development,8264,2026-05-11T03:01:13Z
2026-05-11T15:46:39.031582,CohhCarnage,Death Stranding 2: On the Beach,8000,2026-05-11T11:40:44Z
2026-05-11T15:46:39.031582,たいじ_たいちゃんねる,EA Sports UFC 5,7504,2026-05-11T07:19:01Z
2026-05-11T15:46:39.031582,SCHRADIN,Just Chatting,7188,2026-05-11T12:22:17Z
2026-05-11T15:46:39.031582,ゆゆうた押忍,Just Chatting,6989,2026-05-11T09:00:34Z
2026-05-11T15:51:39.485107,StRoGo,Counter-Strike,64266,2026-05-11T07:13:59Z
2026-05-11T15:51:39.485107,加藤純一うん〇ちゃん,Tomodachi Life: Living the Dream,41925,2026-05-11T13:02:32Z
2026-05-11T15:51:39.485107,buster,Counter-Strike,40564,2026-05-11T12:53:08Z
2026-05-11T15:51:39.485107,PGL,Counter-Strike,37867,2026-05-11T04:13:15Z
2026-05-11T15:51:39.485107,aospat,Just Chatting,29860,2026-05-11T12:47:38Z
2026-05-11T15:51:39.485107,bySL4M,Counter-Strike,28266,2026-05-11T04:30:13Z
2026-05-11T15:51:39.485107,cs2_paragon_ru,Counter-Strike,26927,2026-05-11T04:25:51Z
2026-05-11T15:51:39.485107,ohnePixel,Counter-Strike,26080,2026-05-11T13:04:04Z
2026-05-11T15:51:39.485107,dangerlyoha,IRL,16177,2026-05-11T12:02:48Z
2026-05-11T15:51:39.485107,fps_shaka,League of Legends,15389,2026-05-11T11:04:07Z
2026-05-11T15:51:39.485107,ALOHADANCETV,Dota 2,10197,2026-05-11T10:59:23Z
2026-05-11T15:51:39.485107,steel,IRL,9901,2026-05-11T12:14:52Z
2026-05-11T15:51:39.485107,超負荷,Just Chatting,9514,2026-05-11T09:22:25Z
2026-05-11T15:51:39.485107,k4sen,League of Legends,8731,2026-05-11T10:20:40Z
2026-05-11T15:51:39.485107,Clemovitch,Just Chatting,8529,2026-05-11T10:37:54Z
2026-05-11T15:51:39.485107,cybersteffie,Software and Game Development,8179,2026-05-11T03:01:13Z
2026-05-11T15:51:39.485107,CohhCarnage,Death Stranding 2: On the Beach,8081,2026-05-11T11:40:44Z
2026-05-11T15:51:39.485107,SCHRADIN,Just Chatting,7996,2026-05-11T12:22:17Z
2026-05-11T15:51:39.485107,たいじ_たいちゃんねる,EA Sports UFC 5,7413,2026-05-11T07:19:01Z
2026-05-11T15:51:39.485107,ゆゆうた押忍,Just Chatting,6989,2026-05-11T09:00:34Z
2026-05-11T15:56:39.985749,StRoGo,Counter-Strike,65260,2026-05-11T07:13:59Z
2026-05-11T15:56:39.985749,加藤純一うん〇ちゃん,Tomodachi Life: Living the Dream,42456,2026-05-11T13:02:32Z
2026-05-11T15:56:39.985749,buster,Counter-Strike,41694,2026-05-11T12:53:08Z
2026-05-11T15:56:39.985749,PGL,Counter-Strike,38374,2026-05-11T04:13:15Z
2026-05-11T15:56:39.985749,bySL4M,Counter-Strike,29485,2026-05-11T04:30:13Z
2026-05-11T15:56:39.985749,ohnePixel,Counter-Strike,27300,2026-05-11T13:04:04Z
2026-05-11T15:56:39.985749,cs2_paragon_ru,Counter-Strike,27208,2026-05-11T04:25:51Z
2026-05-11T15:56:39.985749,aospat,Just Chatting,25648,2026-05-11T12:47:38Z
2026-05-11T15:56:39.985749,dangerlyoha,IRL,15244,2026-05-11T12:02:48Z
2026-05-11T15:56:39.985749,fps_shaka,League of Legends,15205,2026-05-11T11:04:07Z
2026-05-11T15:56:39.985749,ALOHADANCETV,Dota 2,10304,2026-05-11T10:59:23Z
2026-05-11T15:56:39.985749,steel,IRL,10060,2026-05-11T12:14:52Z
2026-05-11T15:56:39.985749,超負荷,Just Chatting,9632,2026-05-11T09:22:25Z
2026-05-11T15:56:39.985749,Clemovitch,Just Chatting,8702,2026-05-11T10:37:54Z
2026-05-11T15:56:39.985749,k4sen,League of Legends,8638,2026-05-11T10:20:40Z
2026-05-11T15:56:39.985749,cybersteffie,Software and Game Development,8299,2026-05-11T03:01:13Z
2026-05-11T15:56:39.985749,CohhCarnage,Death Stranding 2: On the Beach,7987,2026-05-11T11:40:44Z
2026-05-11T15:56:39.985749,SCHRADIN,Just Chatting,7619,2026-05-11T12:22:17Z
2026-05-11T15:56:39.985749,たいじ_たいちゃんねる,EA Sports UFC 5,7514,2026-05-11T07:19:01Z
2026-05-11T15:56:39.985749,NiklasWilson,Just Chatting,7113,2026-05-11T11:03:29Z
2026-05-11T16:01:40.439337,StRoGo,Counter-Strike,66790,2026-05-11T07:13:59Z
2026-05-11T16:01:40.439337,buster,Counter-Strike,43437,2026-05-11T12:53:08Z
2026-05-11T16:01:40.439337,加藤純一うん〇ちゃん,Tomodachi Life: Living the Dream,42456,2026-05-11T13:02:32Z
2026-05-11T16:01:40.439337,PGL,Counter-Strike,40543,2026-05-11T04:13:15Z
2026-05-11T16:01:40.439337,bySL4M,Counter-Strike,30846,2026-05-11T04:30:13Z
2026-05-11T16:01:40.439337,aospat,Just Chatting,29799,2026-05-11T12:47:38Z
2026-05-11T16:01:40.439337,ohnePixel,Counter-Strike,28327,2026-05-11T13:04:04Z
2026-05-11T16:01:40.439337,cs2_paragon_ru,Counter-Strike,27542,2026-05-11T04:25:51Z
2026-05-11T16:01:40.439337,dangerlyoha,IRL,15449,2026-05-11T12:02:48Z
2026-05-11T16:01:40.439337,fps_shaka,League of Legends,14910,2026-05-11T11:04:07Z
2026-05-11T16:01:40.439337,ALOHADANCETV,Dota 2,10570,2026-05-11T10:59:23Z
2026-05-11T16:01:40.439337,steel,IRL,10191,2026-05-11T12:14:52Z
2026-05-11T16:01:40.439337,超負荷,Just Chatting,9751,2026-05-11T09:22:25Z
2026-05-11T16:01:40.439337,k4sen,League of Legends,8542,2026-05-11T10:20:40Z
2026-05-11T16:01:40.439337,cybersteffie,Software and Game Development,8443,2026-05-11T03:01:13Z
2026-05-11T16:01:40.439337,Clemovitch,Just Chatting,8276,2026-05-11T10:37:54Z
2026-05-11T16:01:40.439337,CohhCarnage,Death Stranding 2: On the Beach,8142,2026-05-11T11:40:44Z
2026-05-11T16:01:40.439337,SCHRADIN,Just Chatting,7739,2026-05-11T12:22:17Z
2026-05-11T16:01:40.439337,たいじ_たいちゃんねる,EA Sports UFC 5,7688,2026-05-11T07:19:01Z
2026-05-11T16:01:40.439337,ゆゆうた押忍,Just Chatting,6683,2026-05-11T09:00:34Z
2026-05-11T16:06:40.870788,StRoGo,Counter-Strike,52607,2026-05-11T07:13:59Z
2026-05-11T16:06:40.870788,加藤純一うん〇ちゃん,Tomodachi Life: Living the Dream,42927,2026-05-11T13:02:32Z
2026-05-11T16:06:40.870788,buster,Counter-Strike,37475,2026-05-11T12:53:08Z
2026-05-11T16:06:40.870788,PGL,Counter-Strike,30869,2026-05-11T04:13:15Z
2026-05-11T16:06:40.870788,ohnePixel,Counter-Strike,27731,2026-05-11T13:04:04Z
2026-05-11T16:06:40.870788,aospat,Just Chatting,26221,2026-05-11T12:47:38Z
2026-05-11T16:06:40.870788,bySL4M,Counter-Strike,23755,2026-05-11T04:30:13Z
2026-05-11T16:06:40.870788,cs2_paragon_ru,Counter-Strike,19277,2026-05-11T04:25:51Z
2026-05-11T16:06:40.870788,dangerlyoha,IRL,15967,2026-05-11T12:02:48Z
2026-05-11T16:06:40.870788,fps_shaka,League of Legends,15086,2026-05-11T11:04:07Z
2026-05-11T16:06:40.870788,ALOHADANCETV,Dota 2,11434,2026-05-11T10:59:23Z
2026-05-11T16:06:40.870788,steel,IRL,10877,2026-05-11T12:14:52Z
2026-05-11T16:06:40.870788,超負荷,Just Chatting,9867,2026-05-11T09:22:25Z
2026-05-11T16:06:40.870788,cybersteffie,Software and Game Development,9204,2026-05-11T03:01:13Z
2026-05-11T16:06:40.870788,k4sen,League of Legends,8802,2026-05-11T10:20:40Z
2026-05-11T16:06:40.870788,Clemovitch,Just Chatting,8276,2026-05-11T10:37:54Z
2026-05-11T16:06:40.870788,SCHRADIN,Just Chatting,7952,2026-05-11T12:22:17Z
2026-05-11T16:06:40.870788,CohhCarnage,Death Stranding 2: On the Beach,7823,2026-05-11T11:40:44Z
2026-05-11T16:06:40.870788,たいじ_たいちゃんねる,EA Sports UFC 5,7263,2026-05-11T07:19:01Z
2026-05-11T16:06:40.870788,Recrent,PUBG: BATTLEGROUNDS,7052,2026-05-11T11:10:02Z
2026-05-11T16:11:41.289375,StRoGo,Counter-Strike,50476,2026-05-11T07:13:59Z
2026-05-11T16:11:41.289375,加藤純一うん〇ちゃん,Tomodachi Life: Living the Dream,42927,2026-05-11T13:02:32Z
2026-05-11T16:11:41.289375,buster,Counter-Strike,34537,2026-05-11T12:53:08Z
2026-05-11T16:11:41.289375,PGL,Counter-Strike,29969,2026-05-11T04:13:15Z
2026-05-11T16:11:41.289375,ohnePixel,Counter-Strike,29125,2026-05-11T13:04:04Z
2026-05-11T16:11:41.289375,aospat,Just Chatting,26862,2026-05-11T12:47:38Z
2026-05-11T16:11:41.289375,bySL4M,Counter-Strike,20380,2026-05-11T04:30:13Z
2026-05-11T16:11:41.289375,cs2_paragon_ru,Counter-Strike,18948,2026-05-11T04:25:51Z
2026-05-11T16:11:41.289375,dangerlyoha,IRL,16143,2026-05-11T12:02:48Z
2026-05-11T16:11:41.289375,fps_shaka,League of Legends,15252,2026-05-11T11:04:07Z
2026-05-11T16:11:41.289375,steel,IRL,11063,2026-05-11T12:14:52Z
2026-05-11T16:11:41.289375,超負荷,Just Chatting,10144,2026-05-11T09:22:25Z
2026-05-11T16:11:41.289375,Clemovitch,Just Chatting,8365,2026-05-11T10:37:54Z
2026-05-11T16:11:41.289375,k4sen,League of Legends,8361,2026-05-11T10:20:40Z
2026-05-11T16:11:41.289375,SCHRADIN,Just Chatting,8180,2026-05-11T12:22:17Z
2026-05-11T16:11:41.289375,CohhCarnage,Death Stranding 2: On the Beach,7919,2026-05-11T11:40:44Z
2026-05-11T16:11:41.289375,cybersteffie,Software and Game Development,7690,2026-05-11T03:01:13Z
2026-05-11T16:11:41.289375,たいじ_たいちゃんねる,EA Sports UFC 5,7111,2026-05-11T07:19:01Z
2026-05-11T16:11:41.289375,Recrent,PUBG: BATTLEGROUNDS,6854,2026-05-11T11:10:02Z
2026-05-11T16:11:41.289375,Gotaga,VALORANT,6760,2026-05-11T12:41:41Z
2026-05-11T16:16:41.734117,StRoGo,Counter-Strike,51486,2026-05-11T07:13:59Z
2026-05-11T16:16:41.734117,加藤純一うん〇ちゃん,Tomodachi Life: Living the Dream,42927,2026-05-11T13:02:32Z
2026-05-11T16:16:41.734117,buster,Counter-Strike,35325,2026-05-11T12:53:08Z
2026-05-11T16:16:41.734117,PGL,Counter-Strike,31396,2026-05-11T04:13:15Z
2026-05-11T16:16:41.734117,aospat,Just Chatting,30229,2026-05-11T12:47:38Z
2026-05-11T16:16:41.734117,ohnePixel,Counter-Strike,25834,2026-05-11T13:04:04Z
2026-05-11T16:16:41.734117,bySL4M,Counter-Strike,20787,2026-05-11T04:30:13Z
2026-05-11T16:16:41.734117,cs2_paragon_ru,Counter-Strike,19396,2026-05-11T04:25:51Z
2026-05-11T16:16:41.734117,CohhCarnage,Death Stranding 2: On the Beach,18460,2026-05-11T11:40:44Z
2026-05-11T16:16:41.734117,dangerlyoha,IRL,16815,2026-05-11T12:02:48Z
2026-05-11T16:16:41.734117,fps_shaka,League of Legends,15762,2026-05-11T11:04:07Z
2026-05-11T16:16:41.734117,steel,IRL,10921,2026-05-11T12:14:52Z
2026-05-11T16:16:41.734117,超負荷,Just Chatting,10302,2026-05-11T09:22:25Z
2026-05-11T16:16:41.734117,SCHRADIN,Just Chatting,9848,2026-05-11T12:22:17Z
2026-05-11T16:16:41.734117,cybersteffie,Software and Game Development,9228,2026-05-11T03:01:13Z
2026-05-11T16:16:41.734117,hivise,Rocket League,9029,2026-05-11T14:04:54Z
2026-05-11T16:16:41.734117,Clemovitch,Just Chatting,8365,2026-05-11T10:37:54Z
2026-05-11T16:16:41.734117,k4sen,League of Legends,8260,2026-05-11T10:20:40Z
2026-05-11T16:16:41.734117,Recrent,PUBG: BATTLEGROUNDS,7169,2026-05-11T11:10:02Z
2026-05-11T16:16:41.734117,たいじ_たいちゃんねる,EA Sports UFC 5,7111,2026-05-11T07:19:01Z
2026-05-11T16:21:42.195208,StRoGo,Counter-Strike,53794,2026-05-11T07:13:59Z
2026-05-11T16:21:42.195208,加藤純一うん〇ちゃん,Tomodachi Life: Living the Dream,43439,2026-05-11T13:02:32Z
2026-05-11T16:21:42.195208,buster,Counter-Strike,37651,2026-05-11T12:53:08Z
2026-05-11T16:21:42.195208,PGL,Counter-Strike,32693,2026-05-11T04:13:15Z
2026-05-11T16:21:42.195208,ohnePixel,Counter-Strike,29769,2026-05-11T13:04:04Z
2026-05-11T16:21:42.195208,hivise,Rocket League,24442,2026-05-11T14:04:54Z
2026-05-11T16:21:42.195208,bySL4M,Counter-Strike,22260,2026-05-11T04:30:13Z
2026-05-11T16:21:42.195208,cs2_paragon_ru,Counter-Strike,20357,2026-05-11T04:25:51Z
2026-05-11T16:21:42.195208,dangerlyoha,IRL,16591,2026-05-11T12:02:48Z
2026-05-11T16:21:42.195208,aospat,Just Chatting,16158,2026-05-11T12:47:38Z
2026-05-11T16:21:42.195208,fps_shaka,League of Legends,15762,2026-05-11T11:04:07Z
2026-05-11T16:21:42.195208,steel,IRL,10514,2026-05-11T12:14:52Z
2026-05-11T16:21:42.195208,超負荷,Just Chatting,10408,2026-05-11T09:22:25Z
2026-05-11T16:21:42.195208,cybersteffie,Software and Game Development,9228,2026-05-11T03:01:13Z
2026-05-11T16:21:42.195208,SCHRADIN,Just Chatting,8395,2026-05-11T12:22:17Z
2026-05-11T16:21:42.195208,Clemovitch,Just Chatting,8257,2026-05-11T10:37:54Z
2026-05-11T16:21:42.195208,k4sen,League of Legends,8141,2026-05-11T10:20:40Z
2026-05-11T16:21:42.195208,CohhCarnage,Death Stranding 2: On the Beach,8131,2026-05-11T11:40:44Z
2026-05-11T16:21:42.195208,T2x2,Just Chatting,7510,2026-05-11T14:05:38Z
2026-05-11T16:21:42.195208,NiklasWilson,Just Chatting,7155,2026-05-11T11:03:29Z
2026-05-11T16:26:42.672648,StRoGo,Counter-Strike,57852,2026-05-11T07:13:59Z
2026-05-11T16:26:42.672648,加藤純一うん〇ちゃん,Tomodachi Life: Living the Dream,43439,2026-05-11T13:02:32Z
2026-05-11T16:26:42.672648,buster,Counter-Strike,41209,2026-05-11T12:53:08Z
2026-05-11T16:26:42.672648,PGL,Counter-Strike,34944,2026-05-11T04:13:15Z
2026-05-11T16:26:42.672648,ohnePixel,Counter-Strike,30525,2026-05-11T13:04:04Z
2026-05-11T16:26:42.672648,bySL4M,Counter-Strike,27424,2026-05-11T04:30:13Z
2026-05-11T16:26:42.672648,cs2_paragon_ru,Counter-Strike,25331,2026-05-11T04:25:51Z
2026-05-11T16:26:42.672648,hivise,Rocket League,24442,2026-05-11T14:04:54Z
2026-05-11T16:26:42.672648,aospat,Just Chatting,19473,2026-05-11T12:47:38Z
2026-05-11T16:26:42.672648,dangerlyoha,IRL,16237,2026-05-11T12:02:48Z
2026-05-11T16:26:42.672648,fps_shaka,League of Legends,15932,2026-05-11T11:04:07Z
2026-05-11T16:26:42.672648,T2x2,Just Chatting,11020,2026-05-11T14:05:38Z
2026-05-11T16:26:42.672648,超負荷,Just Chatting,10515,2026-05-11T09:22:25Z
2026-05-11T16:26:42.672648,steel,IRL,10345,2026-05-11T12:14:52Z
2026-05-11T16:26:42.672648,cybersteffie,Software and Game Development,9702,2026-05-11T03:01:13Z
2026-05-11T16:26:42.672648,SCHRADIN,Just Chatting,8573,2026-05-11T12:22:17Z
2026-05-11T16:26:42.672648,k4sen,League of Legends,8392,2026-05-11T10:20:40Z
2026-05-11T16:26:42.672648,Clemovitch,Just Chatting,8155,2026-05-11T10:37:54Z
2026-05-11T16:26:42.672648,CohhCarnage,Death Stranding 2: On the Beach,8131,2026-05-11T11:40:44Z
2026-05-11T16:26:42.672648,NiklasWilson,Just Chatting,7316,2026-05-11T11:03:29Z
2026-05-11T16:31:43.151430,StRoGo,Counter-Strike,61587,2026-05-11T07:13:59Z
2026-05-11T16:31:43.151430,加藤純一うん〇ちゃん,Tomodachi Life: Living the Dream,44050,2026-05-11T13:02:32Z
2026-05-11T16:31:43.151430,buster,Counter-Strike,43121,2026-05-11T12:53:08Z
2026-05-11T16:31:43.151430,PGL,Counter-Strike,36302,2026-05-11T04:13:15Z
2026-05-11T16:31:43.151430,ohnePixel,Counter-Strike,31364,2026-05-11T13:04:04Z
2026-05-11T16:31:43.151430,bySL4M,Counter-Strike,28208,2026-05-11T04:30:13Z
2026-05-11T16:31:43.151430,cs2_paragon_ru,Counter-Strike,25954,2026-05-11T04:25:51Z
2026-05-11T16:31:43.151430,hivise,Rocket League,24959,2026-05-11T14:04:54Z
2026-05-11T16:31:43.151430,fps_shaka,League of Legends,17011,2026-05-11T11:04:07Z
2026-05-11T16:31:43.151430,dangerlyoha,IRL,16717,2026-05-11T12:02:48Z
2026-05-11T16:31:43.151430,aospat,Just Chatting,14832,2026-05-11T12:47:38Z
2026-05-11T16:31:43.151430,超負荷,Just Chatting,10670,2026-05-11T09:22:25Z
2026-05-11T16:31:43.151430,steel,IRL,10459,2026-05-11T12:14:52Z
2026-05-11T16:31:43.151430,cybersteffie,Software and Game Development,9702,2026-05-11T03:01:13Z
2026-05-11T16:31:43.151430,T2x2,Just Chatting,9637,2026-05-11T14:05:38Z
2026-05-11T16:31:43.151430,SCHRADIN,Just Chatting,8869,2026-05-11T12:22:17Z
2026-05-11T16:31:43.151430,CohhCarnage,Death Stranding 2: On the Beach,8131,2026-05-11T11:40:44Z
2026-05-11T16:31:43.151430,Clemovitch,Just Chatting,8051,2026-05-11T10:37:54Z
2026-05-11T16:31:43.151430,NiklasWilson,Just Chatting,7616,2026-05-11T11:03:29Z
2026-05-11T16:31:43.151430,たいじ_たいちゃんねる,EA Sports UFC 5,6900,2026-05-11T07:19:01Z
2026-05-11T16:36:43.598949,StRoGo,Counter-Strike,62603,2026-05-11T07:13:59Z
2026-05-11T16:36:43.598949,加藤純一うん〇ちゃん,Tomodachi Life: Living the Dream,45338,2026-05-11T13:02:32Z
2026-05-11T16:36:43.598949,buster,Counter-Strike,44119,2026-05-11T12:53:08Z
2026-05-11T16:36:43.598949,PGL,Counter-Strike,37075,2026-05-11T04:13:15Z
2026-05-11T16:36:43.598949,ohnePixel,Counter-Strike,32380,2026-05-11T13:04:04Z
2026-05-11T16:36:43.598949,aospat,Just Chatting,29810,2026-05-11T12:47:38Z
2026-05-11T16:36:43.598949,bySL4M,Counter-Strike,29103,2026-05-11T04:30:13Z
2026-05-11T16:36:43.598949,cs2_paragon_ru,Counter-Strike,27576,2026-05-11T04:25:51Z
2026-05-11T16:36:43.598949,hivise,Rocket League,25129,2026-05-11T14:04:54Z
2026-05-11T16:36:43.598949,fps_shaka,League of Legends,17011,2026-05-11T11:04:07Z
2026-05-11T16:36:43.598949,dangerlyoha,IRL,15900,2026-05-11T12:02:48Z
2026-05-11T16:36:43.598949,超負荷,Bow-wow Battle,10913,2026-05-11T09:22:25Z
2026-05-11T16:36:43.598949,steel,IRL,10290,2026-05-11T12:14:52Z
2026-05-11T16:36:43.598949,T2x2,Just Chatting,9826,2026-05-11T14:05:38Z
2026-05-11T16:36:43.598949,cybersteffie,Software and Game Development,9706,2026-05-11T03:01:13Z
2026-05-11T16:36:43.598949,SCHRADIN,Just Chatting,9054,2026-05-11T12:22:17Z
2026-05-11T16:36:43.598949,CohhCarnage,Death Stranding 2: On the Beach,8131,2026-05-11T11:40:44Z
2026-05-11T16:36:43.598949,Clemovitch,Just Chatting,7959,2026-05-11T10:37:54Z
2026-05-11T16:36:43.598949,NiklasWilson,Just Chatting,7787,2026-05-11T11:03:29Z
2026-05-11T16:36:43.598949,isxbell14,Just Chatting,7209,2026-05-11T13:45:07Z
2026-05-11T16:41:44.029153,StRoGo,Counter-Strike,65169,2026-05-11T07:13:59Z
2026-05-11T16:41:44.029153,加藤純一うん〇ちゃん,Tomodachi Life: Living the Dream,45874,2026-05-11T13:02:32Z
2026-05-11T16:41:44.029153,buster,Counter-Strike,45324,2026-05-11T12:53:08Z
2026-05-11T16:41:44.029153,PGL,Counter-Strike,38243,2026-05-11T04:13:15Z
2026-05-11T16:41:44.029153,ohnePixel,Counter-Strike,33240,2026-05-11T13:04:04Z
2026-05-11T16:41:44.029153,bySL4M,Counter-Strike,29810,2026-05-11T04:30:13Z
2026-05-11T16:41:44.029153,cs2_paragon_ru,Counter-Strike,28133,2026-05-11T04:25:51Z
2026-05-11T16:41:44.029153,hivise,Rocket League,26659,2026-05-11T14:04:54Z
2026-05-11T16:41:44.029153,fps_shaka,League of Legends,19979,2026-05-11T11:04:07Z
2026-05-11T16:41:44.029153,aospat,Just Chatting,18387,2026-05-11T12:47:38Z
2026-05-11T16:41:44.029153,dangerlyoha,IRL,16062,2026-05-11T12:02:48Z
2026-05-11T16:41:44.029153,超負荷,Bow-wow Battle,11103,2026-05-11T09:22:25Z
2026-05-11T16:41:44.029153,steel,IRL,10469,2026-05-11T12:14:52Z
2026-05-11T16:41:44.029153,T2x2,Just Chatting,10192,2026-05-11T14:05:38Z
2026-05-11T16:41:44.029153,cybersteffie,Software and Game Development,9927,2026-05-11T03:01:13Z
2026-05-11T16:41:44.029153,SCHRADIN,Just Chatting,9322,2026-05-11T12:22:17Z
2026-05-11T16:41:44.029153,MartinCirioOk,Just Chatting,8576,2026-05-11T14:24:58Z
2026-05-11T16:41:44.029153,CohhCarnage,Death Stranding 2: On the Beach,8131,2026-05-11T11:40:44Z
2026-05-11T16:41:44.029153,NiklasWilson,Just Chatting,7999,2026-05-11T11:03:29Z
2026-05-11T16:41:44.029153,Clemovitch,Just Chatting,7723,2026-05-11T10:37:54Z
2026-05-11T16:46:44.483363,StRoGo,Counter-Strike,64477,2026-05-11T07:13:59Z
2026-05-11T16:46:44.483363,加藤純一うん〇ちゃん,Tomodachi Life: Living the Dream,46963,2026-05-11T13:02:32Z
2026-05-11T16:46:44.483363,buster,Counter-Strike,46052,2026-05-11T12:53:08Z
2026-05-11T16:46:44.483363,PGL,Counter-Strike,38825,2026-05-11T04:13:15Z
2026-05-11T16:46:44.483363,ohnePixel,Counter-Strike,34244,2026-05-11T13:04:04Z
2026-05-11T16:46:44.483363,bySL4M,Counter-Strike,30848,2026-05-11T04:30:13Z
2026-05-11T16:46:44.483363,cs2_paragon_ru,Counter-Strike,28435,2026-05-11T04:25:51Z
2026-05-11T16:46:44.483363,hivise,Rocket League,24465,2026-05-11T14:04:54Z
2026-05-11T16:46:44.483363,fps_shaka,League of Legends,17366,2026-05-11T11:04:07Z
2026-05-11T16:46:44.483363,dangerlyoha,IRL,16406,2026-05-11T12:02:48Z
2026-05-11T16:46:44.483363,超負荷,Bow-wow Battle,11292,2026-05-11T09:22:25Z
2026-05-11T16:46:44.483363,steel,IRL,11001,2026-05-11T12:14:52Z
2026-05-11T16:46:44.483363,T2x2,Just Chatting,10568,2026-05-11T14:05:38Z
2026-05-11T16:46:44.483363,SCHRADIN,Just Chatting,10060,2026-05-11T12:22:17Z
2026-05-11T16:46:44.483363,cybersteffie,Software and Game Development,9927,2026-05-11T03:01:13Z
2026-05-11T16:46:44.483363,MartinCirioOk,Just Chatting,9419,2026-05-11T14:24:58Z
2026-05-11T16:46:44.483363,NiklasWilson,Just Chatting,7841,2026-05-11T11:03:29Z
2026-05-11T16:46:44.483363,Gotaga,VALORANT,7473,2026-05-11T12:41:41Z
2026-05-11T16:46:44.483363,Fabo,Minecraft,7342,2026-05-11T09:26:24Z
2026-05-11T16:46:44.483363,NoWay4u_Sir,Just Chatting,7163,2026-05-11T13:15:51Z
2026-05-11T16:51:44.938416,StRoGo,Counter-Strike,65495,2026-05-11T07:13:59Z
2026-05-11T16:51:44.938416,加藤純一うん〇ちゃん,Tomodachi Life: Living the Dream,47621,2026-05-11T13:02:32Z
2026-05-11T16:51:44.938416,buster,Counter-Strike,47070,2026-05-11T12:53:08Z
2026-05-11T16:51:44.938416,PGL,Counter-Strike,39644,2026-05-11T04:13:15Z
2026-05-11T16:51:44.938416,ohnePixel,Counter-Strike,35220,2026-05-11T13:04:04Z
2026-05-11T16:51:44.938416,bySL4M,Counter-Strike,31383,2026-05-11T04:30:13Z
2026-05-11T16:51:44.938416,cs2_paragon_ru,Counter-Strike,28966,2026-05-11T04:25:51Z
2026-05-11T16:51:44.938416,hivise,Rocket League,24802,2026-05-11T14:04:54Z
2026-05-11T16:51:44.938416,fps_shaka,League of Legends,17176,2026-05-11T11:04:07Z
2026-05-11T16:51:44.938416,dangerlyoha,IRL,16406,2026-05-11T12:02:48Z
2026-05-11T16:51:44.938416,超負荷,Bow-wow Battle,11445,2026-05-11T09:22:25Z
2026-05-11T16:51:44.938416,steel,IRL,11034,2026-05-11T12:14:52Z
2026-05-11T16:51:44.938416,T2x2,Just Chatting,11033,2026-05-11T14:05:38Z
2026-05-11T16:51:44.938416,cybersteffie,Software and Game Development,10186,2026-05-11T03:01:13Z
2026-05-11T16:51:44.938416,MartinCirioOk,Just Chatting,10169,2026-05-11T14:24:58Z
2026-05-11T16:51:44.938416,SCHRADIN,Just Chatting,9620,2026-05-11T12:22:17Z
2026-05-11T16:51:44.938416,CohhCarnage,Death Stranding 2: On the Beach,8042,2026-05-11T11:40:44Z
2026-05-11T16:51:44.938416,NiklasWilson,Just Chatting,8041,2026-05-11T11:03:29Z
2026-05-11T16:51:44.938416,Gotaga,VALORANT,7373,2026-05-11T12:41:41Z
2026-05-11T16:51:44.938416,NoWay4u_Sir,Just Chatting,7240,2026-05-11T13:15:51Z
2026-05-11T16:56:45.407898,StRoGo,Counter-Strike,67526,2026-05-11T07:13:59Z
2026-05-11T16:56:45.407898,buster,Counter-Strike,48117,2026-05-11T12:53:08Z
2026-05-11T16:56:45.407898,加藤純一うん〇ちゃん,Tomodachi Life: Living the Dream,47230,2026-05-11T13:02:32Z
2026-05-11T16:56:45.407898,PGL,Counter-Strike,40690,2026-05-11T04:13:15Z
2026-05-11T16:56:45.407898,ohnePixel,Counter-Strike,35701,2026-05-11T13:04:04Z
2026-05-11T16:56:45.407898,bySL4M,Counter-Strike,32056,2026-05-11T04:30:13Z
2026-05-11T16:56:45.407898,cs2_paragon_ru,Counter-Strike,29371,2026-05-11T04:25:51Z
2026-05-11T16:56:45.407898,hivise,Rocket League,24681,2026-05-11T14:04:54Z
2026-05-11T16:56:45.407898,fps_shaka,League of Legends,17176,2026-05-11T11:04:07Z
2026-05-11T16:56:45.407898,dangerlyoha,IRL,16218,2026-05-11T12:02:48Z
2026-05-11T16:56:45.407898,超負荷,Bow-wow Battle,11862,2026-05-11T09:22:25Z
2026-05-11T16:56:45.407898,steel,IRL,11208,2026-05-11T12:14:52Z
2026-05-11T16:56:45.407898,T2x2,Just Chatting,11033,2026-05-11T14:05:38Z
2026-05-11T16:56:45.407898,MartinCirioOk,Just Chatting,10820,2026-05-11T14:24:58Z
2026-05-11T16:56:45.407898,cybersteffie,Software and Game Development,10066,2026-05-11T03:01:13Z
2026-05-11T16:56:45.407898,SCHRADIN,Just Chatting,10048,2026-05-11T12:22:17Z
2026-05-11T16:56:45.407898,NiklasWilson,Just Chatting,8236,2026-05-11T11:03:29Z
2026-05-11T16:56:45.407898,CohhCarnage,Death Stranding 2: On the Beach,8042,2026-05-11T11:40:44Z
2026-05-11T16:56:45.407898,NoWay4u_Sir,Just Chatting,7320,2026-05-11T13:15:51Z
2026-05-11T16:56:45.407898,Gotaga,VALORANT,7135,2026-05-11T12:41:41Z
2026-05-11T17:01:45.858104,StRoGo,Counter-Strike,69461,2026-05-11T07:13:59Z
2026-05-11T17:01:45.858104,buster,Counter-Strike,48833,2026-05-11T12:53:08Z
2026-05-11T17:01:45.858104,加藤純一うん〇ちゃん,Tomodachi Life: Living the Dream,47230,2026-05-11T13:02:32Z
2026-05-11T17:01:45.858104,PGL,Counter-Strike,41958,2026-05-11T04:13:15Z
2026-05-11T17:01:45.858104,ohnePixel,Counter-Strike,36692,2026-05-11T13:04:04Z
2026-05-11T17:01:45.858104,bySL4M,Counter-Strike,36364,2026-05-11T04:30:13Z
2026-05-11T17:01:45.858104,cs2_paragon_ru,Counter-Strike,29853,2026-05-11T04:25:51Z
2026-05-11T17:01:45.858104,iaspod,,28251,2026-05-11T14:57:23Z
2026-05-11T17:01:45.858104,hivise,Rocket League,25075,2026-05-11T14:04:54Z
2026-05-11T17:01:45.858104,fps_shaka,League of Legends,17355,2026-05-11T11:04:07Z
2026-05-11T17:01:45.858104,dangerlyoha,IRL,15970,2026-05-11T12:02:48Z
2026-05-11T17:01:45.858104,MartinCirioOk,Just Chatting,11792,2026-05-11T14:24:58Z
2026-05-11T17:01:45.858104,steel,IRL,11517,2026-05-11T12:14:52Z
2026-05-11T17:01:45.858104,超負荷,Just Chatting,11373,2026-05-11T09:22:25Z
2026-05-11T17:01:45.858104,T2x2,Just Chatting,11177,2026-05-11T14:05:38Z
2026-05-11T17:01:45.858104,SCHRADIN,Just Chatting,10156,2026-05-11T12:22:17Z
2026-05-11T17:01:45.858104,cybersteffie,Software and Game Development,9385,2026-05-11T03:01:13Z
2026-05-11T17:01:45.858104,NiklasWilson,Just Chatting,8521,2026-05-11T11:03:29Z
2026-05-11T17:01:45.858104,CohhCarnage,Death Stranding 2: On the Beach,8042,2026-05-11T11:40:44Z
2026-05-11T17:01:45.858104,NoWay4u_Sir,Just Chatting,7472,2026-05-11T13:15:51Z
2026-05-11T17:06:46.330294,StRoGo,Counter-Strike,70627,2026-05-11T07:13:59Z
2026-05-11T17:06:46.330294,buster,Counter-Strike,49586,2026-05-11T12:53:08Z
2026-05-11T17:06:46.330294,加藤純一うん〇ちゃん,Tomodachi Life: Living the Dream,48000,2026-05-11T13:02:32Z
2026-05-11T17:06:46.330294,PGL,Counter-Strike,43175,2026-05-11T04:13:15Z
2026-05-11T17:06:46.330294,ohnePixel,Counter-Strike,37396,2026-05-11T13:04:04Z
2026-05-11T17:06:46.330294,bySL4M,Counter-Strike,33006,2026-05-11T04:30:13Z
2026-05-11T17:06:46.330294,iaspod,,29044,2026-05-11T14:57:23Z
2026-05-11T17:06:46.330294,cs2_paragon_ru,Counter-Strike,29007,2026-05-11T04:25:51Z
2026-05-11T17:06:46.330294,hivise,Rocket League,26044,2026-05-11T14:04:54Z
2026-05-11T17:06:46.330294,fps_shaka,League of Legends,17355,2026-05-11T11:04:07Z
2026-05-11T17:06:46.330294,dangerlyoha,IRL,15970,2026-05-11T12:02:48Z
2026-05-11T17:06:46.330294,MartinCirioOk,Just Chatting,12583,2026-05-11T14:24:58Z
2026-05-11T17:06:46.330294,steel,IRL,11352,2026-05-11T12:14:52Z
2026-05-11T17:06:46.330294,T2x2,Just Chatting,11296,2026-05-11T14:05:38Z
2026-05-11T17:06:46.330294,超負荷,Bow-wow Battle,11125,2026-05-11T09:22:25Z
2026-05-11T17:06:46.330294,SCHRADIN,Just Chatting,10663,2026-05-11T12:22:17Z
2026-05-11T17:06:46.330294,CohhCarnage,Death Stranding 2: On the Beach,8042,2026-05-11T11:40:44Z
2026-05-11T17:06:46.330294,NoWay4u_Sir,Just Chatting,7564,2026-05-11T13:15:51Z
2026-05-11T17:06:46.330294,GENSYXA,Just Chatting,7143,2026-05-11T14:26:08Z
2026-05-11T17:06:46.330294,Gotaga,VALORANT,6993,2026-05-11T12:41:41Z
2026-05-11T17:11:46.795989,StRoGo,Counter-Strike,72729,2026-05-11T07:13:59Z
2026-05-11T17:11:46.795989,buster,Counter-Strike,51336,2026-05-11T12:53:08Z
2026-05-11T17:11:46.795989,加藤純一うん〇ちゃん,Tomodachi Life: Living the Dream,47084,2026-05-11T13:02:32Z
2026-05-11T17:11:46.795989,PGL,Counter-Strike,44819,2026-05-11T04:13:15Z
2026-05-11T17:11:46.795989,ohnePixel,Counter-Strike,38228,2026-05-11T13:04:04Z
2026-05-11T17:11:46.795989,bySL4M,Counter-Strike,34639,2026-05-11T04:30:13Z
2026-05-11T17:11:46.795989,cs2_paragon_ru,Counter-Strike,30383,2026-05-11T04:25:51Z
2026-05-11T17:11:46.795989,hivise,Rocket League,25118,2026-05-11T14:04:54Z
2026-05-11T17:11:46.795989,fps_shaka,League of Legends,17719,2026-05-11T11:04:07Z
2026-05-11T17:11:46.795989,dangerlyoha,IRL,15774,2026-05-11T12:02:48Z
2026-05-11T17:11:46.795989,MartinCirioOk,Just Chatting,13079,2026-05-11T14:24:58Z
2026-05-11T17:11:46.795989,SCHRADIN,Just Chatting,12975,2026-05-11T12:22:17Z
2026-05-11T17:11:46.795989,steel,IRL,11573,2026-05-11T12:14:52Z
2026-05-11T17:11:46.795989,T2x2,Just Chatting,11564,2026-05-11T14:05:38Z
2026-05-11T17:11:46.795989,超負荷,Bow-wow Battle,10997,2026-05-11T09:22:25Z
2026-05-11T17:11:46.795989,CohhCarnage,Death Stranding 2: On the Beach,8042,2026-05-11T11:40:44Z
2026-05-11T17:11:46.795989,NoWay4u_Sir,Just Chatting,7657,2026-05-11T13:15:51Z
2026-05-11T17:11:46.795989,Distortion2,Dark Souls: Remastered,6998,2026-05-11T12:50:55Z
2026-05-11T17:11:46.795989,GENSYXA,Just Chatting,6969,2026-05-11T14:26:08Z
2026-05-11T17:11:46.795989,Gotaga,VALORANT,6847,2026-05-11T12:41:41Z
